{"cameraMode":{"drawMode":0,"name":"Shaded","section":"Shading Mode"},"sceneLighting":true,"audioPlay":false,"sceneViewState":{"showFog":true,"showMaterialUpdate":false,"showSkybox":true,"showFlares":true,"showImageEffects":true,"showParticleSystems":true},"in2DMode":false,"pivot":{"x":5.697965145111084,"y":-17.822893142700197,"z":-59.46196365356445},"rotation":{"x":-0.23908430337905885,"y":0.054437410086393359,"z":-0.013424436561763287,"w":-0.9693827629089356},"size":27.70197868347168,"orthographic":false}